"","iucn_cat2","Species","FSp","FUn","ED2"
"1","AT",378,0.270933155752818,0.0399584213970501,28.2495968591314
"2","NoT",637,0.190166171816508,0.0130212515892625,17.1810874246127
